TranslationKey,Id,Korean,English,Japanese,_State
ShipData_Name,1,배틀크루저,Battlecruiser,バトルクルーザー,
ShipData_Description,1,함대의 기본 전열함. 균형 잡힌 성능.,The fleet's standard ship of the line. Balanced stats.,艦隊の基本戦列艦。バランスの取れた性能。,
ShipData_Name,2,프리깃,Frigate,フリゲート,
ShipData_Description,2,빠르고 가벼운 호위함.,"A fast, light escort ship.",速くて軽い護衛艦。,
ShipData_Name,3,드레드노트,Dreadnought,ドレッドノート,
ShipData_Description,3,느리지만 화력이 압도적인 주력함.,"Slow, but overwhelming firepower.",,
SkillData_Name,1,화력 증폭 I,Firepower Boost I,火力増幅 I,
SkillData_Name,2,긴급 회피,Emergency Evade,緊急回避,
SkillData_Name,3,함대 결속,Fleet Unity,艦隊結束,
